{"cameraMode":{"drawMode":0,"name":"Shaded","section":"Shading Mode"},"sceneLighting":true,"audioPlay":false,"sceneViewState":{"m_AlwaysRefresh":false,"showFog":true,"showSkybox":true,"showFlares":true,"showImageEffects":true,"showParticleSystems":true,"showVisualEffectGraphs":true,"m_FxEnabled":true},"in2DMode":false,"pivot":{"x":1305.8668212890625,"y":1533.4066162109375,"z":427.533447265625},"rotation":{"x":0.12412668764591217,"y":-0.32965120673179629,"z":0.043768301606178287,"w":0.9348846077919006},"size":46.578643798828128,"orthographic":true}