{"cameraMode":{"drawMode":0,"name":"Shaded","section":"Shading Mode"},"sceneLighting":true,"audioPlay":false,"sceneViewState":{"m_AlwaysRefresh":false,"showFog":true,"showSkybox":true,"showFlares":true,"showImageEffects":true,"showParticleSystems":true,"showVisualEffectGraphs":true,"m_FxEnabled":true},"in2DMode":false,"pivot":{"x":1369.681640625,"y":1517.5516357421875,"z":140.75100708007813},"rotation":{"x":-0.00016456587763968855,"y":-0.9993695616722107,"z":0.037507809698581699,"w":-0.016240226104855539},"size":161.1438751220703,"orthographic":false}