{"cameraMode":{"drawMode":0,"name":"Shaded","section":"Shading Mode"},"sceneLighting":true,"audioPlay":false,"sceneViewState":{"m_AlwaysRefresh":false,"showFog":true,"showSkybox":true,"showFlares":true,"showImageEffects":true,"showParticleSystems":true,"showVisualEffectGraphs":true,"m_FxEnabled":true},"in2DMode":false,"pivot":{"x":1576.800048828125,"y":1510.4000244140625,"z":428.3999938964844},"rotation":{"x":-0.11556317657232285,"y":-0.17162522673606873,"z":0.02027875930070877,"w":-0.9781555533409119},"size":23.244590759277345,"orthographic":true}