{"cameraMode":{"drawMode":0,"name":"Shaded","section":"Shading Mode"},"sceneLighting":true,"audioPlay":false,"sceneViewState":{"m_AlwaysRefresh":false,"showFog":true,"showSkybox":true,"showFlares":true,"showImageEffects":true,"showParticleSystems":true,"showVisualEffectGraphs":true,"m_FxEnabled":true},"in2DMode":false,"pivot":{"x":1339.800048828125,"y":1521.699951171875,"z":387.6000061035156},"rotation":{"x":-0.0002109776542056352,"y":-0.9996774196624756,"z":0.008996888063848019,"w":-0.024002594873309137},"size":59.210044860839847,"orthographic":true}